<?xml version="1.0" encoding="UTF-8"?>
<project-private xmlns="http://www.netbeans.org/ns/project-private/1">
    <editor-bookmarks xmlns="http://www.netbeans.org/ns/editor-bookmarks/2" lastBookmarkId="0"/>
    <open-files xmlns="http://www.netbeans.org/ns/projectui-open-files/2">
        <group>
            <file>file:/C:/JavaProjects/SpaceInvaders/src/spaceinvaders/ScoreManager.java</file>
            <file>file:/C:/JavaProjects/SpaceInvaders/src/spaceinvaders/Shot.java</file>
            <file>file:/C:/JavaProjects/SpaceInvaders/src/spaceinvaders/AlienFactory.java</file>
            <file>file:/C:/JavaProjects/SpaceInvaders/src/spaceinvaders/Won.java</file>
            <file>file:/C:/JavaProjects/SpaceInvaders/src/spaceinvaders/BombFactory.java</file>
            <file>file:/C:/JavaProjects/SpaceInvaders/src/spaceinvaders/Bomb.java</file>
            <file>file:/C:/JavaProjects/SpaceInvaders/src/spaceinvaders/SpaceInvaders.java</file>
            <file>file:/C:/JavaProjects/SpaceInvaders/src/spaceinvaders/Board.java</file>
            <file>file:/C:/JavaProjects/SpaceInvaders/src/spaceinvaders/GameOver.java</file>
            <file>file:/C:/JavaProjects/SpaceInvaders/src/spaceinvaders/Alien.java</file>
            <file>file:/C:/JavaProjects/SpaceInvaders/src/spaceinvaders/Player.java</file>
            <file>file:/C:/JavaProjects/SpaceInvaders/src/spaceinvaders/PushPanel.java</file>
            <file>file:/C:/JavaProjects/SpaceInvaders/src/spaceinvaders/Sprite.java</file>
            <file>file:/C:/JavaProjects/SpaceInvaders/src/spaceinvaders/Commons.java</file>
        </group>
    </open-files>
</project-private>
